asof,ticker,name_kr
2024-12-30,000100,유한양행
2024-12-30,000270,기아
2024-12-30,000660,SK하이닉스
2024-12-30,000720,현대건설
2024-12-30,000810,삼성화재
2024-12-30,005380,현대차
2024-12-30,005490,POSCO홀딩스
2024-12-30,005930,삼성전자
2024-12-30,006400,삼성SDI
2024-12-30,006800,미래에셋증권
2024-12-30,009150,삼성전기
2024-12-30,009540,HD한국조선해양
2024-12-30,011170,롯데케미칼
2024-12-30,012330,현대모비스
2024-12-30,017670,SK텔레콤
2024-12-30,028260,삼성물산
2024-12-30,032830,삼성생명
2024-12-30,034020,두산에너빌리티
2024-12-30,034220,LG디스플레이
2024-12-30,035420,NAVER
2024-12-30,035720,카카오
2024-12-30,051910,LG화학
2024-12-30,055550,신한지주
2024-12-30,066570,LG전자
2024-12-30,068270,셀트리온
2024-12-30,090430,아모레퍼시픽
2024-12-30,096770,SK이노베이션
2024-12-30,105560,KB금융
2024-12-30,251270,넷마블
2024-12-30,373220,LG에너지솔루션
2025-01-31,000100,유한양행
2025-01-31,000270,기아
2025-01-31,000660,SK하이닉스
2025-01-31,000720,현대건설
2025-01-31,000810,삼성화재
2025-01-31,005380,현대차
2025-01-31,005490,POSCO홀딩스
2025-01-31,005930,삼성전자
2025-01-31,006400,삼성SDI
2025-01-31,006800,미래에셋증권
2025-01-31,009150,삼성전기
2025-01-31,009540,HD한국조선해양
2025-01-31,011170,롯데케미칼
2025-01-31,012330,현대모비스
2025-01-31,017670,SK텔레콤
2025-01-31,028260,삼성물산
2025-01-31,032830,삼성생명
2025-01-31,034020,두산에너빌리티
2025-01-31,034220,LG디스플레이
2025-01-31,035420,NAVER
2025-01-31,035720,카카오
2025-01-31,051910,LG화학
2025-01-31,055550,신한지주
2025-01-31,066570,LG전자
2025-01-31,068270,셀트리온
2025-01-31,090430,아모레퍼시픽
2025-01-31,096770,SK이노베이션
2025-01-31,105560,KB금융
2025-01-31,251270,넷마블
2025-01-31,373220,LG에너지솔루션
2025-02-28,000100,유한양행
2025-02-28,000270,기아
2025-02-28,000660,SK하이닉스
2025-02-28,000720,현대건설
2025-02-28,000810,삼성화재
2025-02-28,005380,현대차
2025-02-28,005490,POSCO홀딩스
2025-02-28,005930,삼성전자
2025-02-28,006400,삼성SDI
2025-02-28,006800,미래에셋증권
2025-02-28,009150,삼성전기
2025-02-28,009540,HD한국조선해양
2025-02-28,011170,롯데케미칼
2025-02-28,012330,현대모비스
2025-02-28,017670,SK텔레콤
2025-02-28,028260,삼성물산
2025-02-28,032830,삼성생명
2025-02-28,034020,두산에너빌리티
2025-02-28,034220,LG디스플레이
2025-02-28,035420,NAVER
2025-02-28,035720,카카오
2025-02-28,051910,LG화학
2025-02-28,055550,신한지주
2025-02-28,066570,LG전자
2025-02-28,068270,셀트리온
2025-02-28,090430,아모레퍼시픽
2025-02-28,096770,SK이노베이션
2025-02-28,105560,KB금융
2025-02-28,251270,넷마블
2025-02-28,373220,LG에너지솔루션
2025-03-31,000100,유한양행
2025-03-31,000270,기아
2025-03-31,000660,SK하이닉스
2025-03-31,000720,현대건설
2025-03-31,000810,삼성화재
2025-03-31,005380,현대차
2025-03-31,005490,POSCO홀딩스
2025-03-31,005930,삼성전자
2025-03-31,006400,삼성SDI
2025-03-31,006800,미래에셋증권
2025-03-31,009150,삼성전기
2025-03-31,009540,HD한국조선해양
2025-03-31,011170,롯데케미칼
2025-03-31,012330,현대모비스
2025-03-31,017670,SK텔레콤
2025-03-31,028260,삼성물산
2025-03-31,032830,삼성생명
2025-03-31,034020,두산에너빌리티
2025-03-31,034220,LG디스플레이
2025-03-31,035420,NAVER
2025-03-31,035720,카카오
2025-03-31,051910,LG화학
2025-03-31,055550,신한지주
2025-03-31,066570,LG전자
2025-03-31,068270,셀트리온
2025-03-31,090430,아모레퍼시픽
2025-03-31,096770,SK이노베이션
2025-03-31,105560,KB금융
2025-03-31,251270,넷마블
2025-03-31,373220,LG에너지솔루션
2025-04-30,000100,유한양행
2025-04-30,000270,기아
2025-04-30,000660,SK하이닉스
2025-04-30,000720,현대건설
2025-04-30,000810,삼성화재
2025-04-30,005380,현대차
2025-04-30,005490,POSCO홀딩스
2025-04-30,005930,삼성전자
2025-04-30,006400,삼성SDI
2025-04-30,006800,미래에셋증권
2025-04-30,009150,삼성전기
2025-04-30,009540,HD한국조선해양
2025-04-30,011170,롯데케미칼
2025-04-30,012330,현대모비스
2025-04-30,017670,SK텔레콤
2025-04-30,028260,삼성물산
2025-04-30,032830,삼성생명
2025-04-30,034020,두산에너빌리티
2025-04-30,034220,LG디스플레이
2025-04-30,035420,NAVER
2025-04-30,035720,카카오
2025-04-30,051910,LG화학
2025-04-30,055550,신한지주
2025-04-30,066570,LG전자
2025-04-30,068270,셀트리온
2025-04-30,090430,아모레퍼시픽
2025-04-30,096770,SK이노베이션
2025-04-30,105560,KB금융
2025-04-30,251270,넷마블
2025-04-30,373220,LG에너지솔루션
2025-05-30,000100,유한양행
2025-05-30,000270,기아
2025-05-30,000660,SK하이닉스
2025-05-30,000720,현대건설
2025-05-30,000810,삼성화재
2025-05-30,005380,현대차
2025-05-30,005490,POSCO홀딩스
2025-05-30,005930,삼성전자
2025-05-30,006400,삼성SDI
2025-05-30,006800,미래에셋증권
2025-05-30,009150,삼성전기
2025-05-30,009540,HD한국조선해양
2025-05-30,011170,롯데케미칼
2025-05-30,012330,현대모비스
2025-05-30,017670,SK텔레콤
2025-05-30,028260,삼성물산
2025-05-30,032830,삼성생명
2025-05-30,034020,두산에너빌리티
2025-05-30,034220,LG디스플레이
2025-05-30,035420,NAVER
2025-05-30,035720,카카오
2025-05-30,051910,LG화학
2025-05-30,055550,신한지주
2025-05-30,066570,LG전자
2025-05-30,068270,셀트리온
2025-05-30,090430,아모레퍼시픽
2025-05-30,096770,SK이노베이션
2025-05-30,105560,KB금융
2025-05-30,251270,넷마블
2025-05-30,373220,LG에너지솔루션
2025-06-30,000100,유한양행
2025-06-30,000270,기아
2025-06-30,000660,SK하이닉스
2025-06-30,000720,현대건설
2025-06-30,000810,삼성화재
2025-06-30,005380,현대차
2025-06-30,005490,POSCO홀딩스
2025-06-30,005930,삼성전자
2025-06-30,006400,삼성SDI
2025-06-30,006800,미래에셋증권
2025-06-30,009150,삼성전기
2025-06-30,009540,HD한국조선해양
2025-06-30,011170,롯데케미칼
2025-06-30,012330,현대모비스
2025-06-30,017670,SK텔레콤
2025-06-30,028260,삼성물산
2025-06-30,032830,삼성생명
2025-06-30,034020,두산에너빌리티
2025-06-30,034220,LG디스플레이
2025-06-30,035420,NAVER
2025-06-30,035720,카카오
2025-06-30,051910,LG화학
2025-06-30,055550,신한지주
2025-06-30,066570,LG전자
2025-06-30,068270,셀트리온
2025-06-30,090430,아모레퍼시픽
2025-06-30,096770,SK이노베이션
2025-06-30,105560,KB금융
2025-06-30,251270,넷마블
2025-06-30,373220,LG에너지솔루션
2025-07-31,000100,유한양행
2025-07-31,000270,기아
2025-07-31,000660,SK하이닉스
2025-07-31,000720,현대건설
2025-07-31,000810,삼성화재
2025-07-31,005380,현대차
2025-07-31,005490,POSCO홀딩스
2025-07-31,005930,삼성전자
2025-07-31,006400,삼성SDI
2025-07-31,006800,미래에셋증권
2025-07-31,009150,삼성전기
2025-07-31,009540,HD한국조선해양
2025-07-31,011170,롯데케미칼
2025-07-31,012330,현대모비스
2025-07-31,017670,SK텔레콤
2025-07-31,028260,삼성물산
2025-07-31,032830,삼성생명
2025-07-31,034020,두산에너빌리티
2025-07-31,034220,LG디스플레이
2025-07-31,035420,NAVER
2025-07-31,035720,카카오
2025-07-31,051910,LG화학
2025-07-31,055550,신한지주
2025-07-31,066570,LG전자
2025-07-31,068270,셀트리온
2025-07-31,090430,아모레퍼시픽
2025-07-31,096770,SK이노베이션
2025-07-31,105560,KB금융
2025-07-31,251270,넷마블
2025-07-31,373220,LG에너지솔루션
2025-08-29,000100,유한양행
2025-08-29,000270,기아
2025-08-29,000660,SK하이닉스
2025-08-29,000720,현대건설
2025-08-29,000810,삼성화재
2025-08-29,005380,현대차
2025-08-29,005490,POSCO홀딩스
2025-08-29,005930,삼성전자
2025-08-29,006400,삼성SDI
2025-08-29,006800,미래에셋증권
2025-08-29,009150,삼성전기
2025-08-29,009540,HD한국조선해양
2025-08-29,011170,롯데케미칼
2025-08-29,012330,현대모비스
2025-08-29,017670,SK텔레콤
2025-08-29,028260,삼성물산
2025-08-29,032830,삼성생명
2025-08-29,034020,두산에너빌리티
2025-08-29,034220,LG디스플레이
2025-08-29,035420,NAVER
2025-08-29,035720,카카오
2025-08-29,051910,LG화학
2025-08-29,055550,신한지주
2025-08-29,066570,LG전자
2025-08-29,068270,셀트리온
2025-08-29,090430,아모레퍼시픽
2025-08-29,096770,SK이노베이션
2025-08-29,105560,KB금융
2025-08-29,251270,넷마블
2025-08-29,373220,LG에너지솔루션
2025-09-30,000100,유한양행
2025-09-30,000270,기아
2025-09-30,000660,SK하이닉스
2025-09-30,000720,현대건설
2025-09-30,000810,삼성화재
2025-09-30,005380,현대차
2025-09-30,005490,POSCO홀딩스
2025-09-30,005930,삼성전자
2025-09-30,006400,삼성SDI
2025-09-30,006800,미래에셋증권
2025-09-30,009150,삼성전기
2025-09-30,009540,HD한국조선해양
2025-09-30,012330,현대모비스
2025-09-30,012450,한화에어로스페이스
2025-09-30,017670,SK텔레콤
2025-09-30,028260,삼성물산
2025-09-30,032830,삼성생명
2025-09-30,034020,두산에너빌리티
2025-09-30,034220,LG디스플레이
2025-09-30,035420,NAVER
2025-09-30,035720,카카오
2025-09-30,051910,LG화학
2025-09-30,055550,신한지주
2025-09-30,066570,LG전자
2025-09-30,068270,셀트리온
2025-09-30,090430,아모레퍼시픽
2025-09-30,096770,SK이노베이션
2025-09-30,105560,KB금융
2025-09-30,251270,넷마블
2025-09-30,373220,LG에너지솔루션
2025-10-31,000100,유한양행
2025-10-31,000270,기아
2025-10-31,000660,SK하이닉스
2025-10-31,000720,현대건설
2025-10-31,000810,삼성화재
2025-10-31,005380,현대차
2025-10-31,005490,POSCO홀딩스
2025-10-31,005930,삼성전자
2025-10-31,006400,삼성SDI
2025-10-31,006800,미래에셋증권
2025-10-31,009150,삼성전기
2025-10-31,009540,HD한국조선해양
2025-10-31,012330,현대모비스
2025-10-31,012450,한화에어로스페이스
2025-10-31,017670,SK텔레콤
2025-10-31,028260,삼성물산
2025-10-31,032830,삼성생명
2025-10-31,034020,두산에너빌리티
2025-10-31,034220,LG디스플레이
2025-10-31,035420,NAVER
2025-10-31,035720,카카오
2025-10-31,051910,LG화학
2025-10-31,055550,신한지주
2025-10-31,066570,LG전자
2025-10-31,068270,셀트리온
2025-10-31,090430,아모레퍼시픽
2025-10-31,096770,SK이노베이션
2025-10-31,105560,KB금융
2025-10-31,251270,넷마블
2025-10-31,373220,LG에너지솔루션
2025-11-28,000100,유한양행
2025-11-28,000270,기아
2025-11-28,000660,SK하이닉스
2025-11-28,000720,현대건설
2025-11-28,000810,삼성화재
2025-11-28,005380,현대차
2025-11-28,005490,POSCO홀딩스
2025-11-28,005930,삼성전자
2025-11-28,006400,삼성SDI
2025-11-28,006800,미래에셋증권
2025-11-28,009150,삼성전기
2025-11-28,009540,HD한국조선해양
2025-11-28,012330,현대모비스
2025-11-28,012450,한화에어로스페이스
2025-11-28,017670,SK텔레콤
2025-11-28,028260,삼성물산
2025-11-28,032830,삼성생명
2025-11-28,034020,두산에너빌리티
2025-11-28,034220,LG디스플레이
2025-11-28,035420,NAVER
2025-11-28,035720,카카오
2025-11-28,051910,LG화학
2025-11-28,055550,신한지주
2025-11-28,066570,LG전자
2025-11-28,068270,셀트리온
2025-11-28,090430,아모레퍼시픽
2025-11-28,096770,SK이노베이션
2025-11-28,105560,KB금융
2025-11-28,251270,넷마블
2025-11-28,373220,LG에너지솔루션
2025-12-30,000100,유한양행
2025-12-30,000270,기아
2025-12-30,000660,SK하이닉스
2025-12-30,000720,현대건설
2025-12-30,000810,삼성화재
2025-12-30,005380,현대차
2025-12-30,005490,POSCO홀딩스
2025-12-30,005930,삼성전자
2025-12-30,006400,삼성SDI
2025-12-30,006800,미래에셋증권
2025-12-30,009150,삼성전기
2025-12-30,009540,HD한국조선해양
2025-12-30,012330,현대모비스
2025-12-30,012450,한화에어로스페이스
2025-12-30,017670,SK텔레콤
2025-12-30,028260,삼성물산
2025-12-30,032830,삼성생명
2025-12-30,034020,두산에너빌리티
2025-12-30,034220,LG디스플레이
2025-12-30,035420,NAVER
2025-12-30,035720,카카오
2025-12-30,051910,LG화학
2025-12-30,055550,신한지주
2025-12-30,066570,LG전자
2025-12-30,068270,셀트리온
2025-12-30,090430,아모레퍼시픽
2025-12-30,096770,SK이노베이션
2025-12-30,105560,KB금융
2025-12-30,251270,넷마블
2025-12-30,373220,LG에너지솔루션
2026-01-30,000100,유한양행
2026-01-30,000270,기아
2026-01-30,000660,SK하이닉스
2026-01-30,000720,현대건설
2026-01-30,000810,삼성화재
2026-01-30,005380,현대차
2026-01-30,005490,POSCO홀딩스
2026-01-30,005930,삼성전자
2026-01-30,006400,삼성SDI
2026-01-30,006800,미래에셋증권
2026-01-30,009150,삼성전기
2026-01-30,009540,HD한국조선해양
2026-01-30,012330,현대모비스
2026-01-30,012450,한화에어로스페이스
2026-01-30,017670,SK텔레콤
2026-01-30,028260,삼성물산
2026-01-30,032830,삼성생명
2026-01-30,034020,두산에너빌리티
2026-01-30,034220,LG디스플레이
2026-01-30,035420,NAVER
2026-01-30,035720,카카오
2026-01-30,051910,LG화학
2026-01-30,055550,신한지주
2026-01-30,066570,LG전자
2026-01-30,068270,셀트리온
2026-01-30,090430,아모레퍼시픽
2026-01-30,096770,SK이노베이션
2026-01-30,105560,KB금융
2026-01-30,251270,넷마블
2026-01-30,373220,LG에너지솔루션
2026-02-27,000100,유한양행
2026-02-27,000270,기아
2026-02-27,000660,SK하이닉스
2026-02-27,000720,현대건설
2026-02-27,000810,삼성화재
2026-02-27,005380,현대차
2026-02-27,005490,POSCO홀딩스
2026-02-27,005930,삼성전자
2026-02-27,006400,삼성SDI
2026-02-27,006800,미래에셋증권
2026-02-27,009150,삼성전기
2026-02-27,009540,HD한국조선해양
2026-02-27,012330,현대모비스
2026-02-27,012450,한화에어로스페이스
2026-02-27,017670,SK텔레콤
2026-02-27,028260,삼성물산
2026-02-27,032830,삼성생명
2026-02-27,034020,두산에너빌리티
2026-02-27,034220,LG디스플레이
2026-02-27,035420,NAVER
2026-02-27,035720,카카오
2026-02-27,051910,LG화학
2026-02-27,055550,신한지주
2026-02-27,066570,LG전자
2026-02-27,068270,셀트리온
2026-02-27,090430,아모레퍼시픽
2026-02-27,096770,SK이노베이션
2026-02-27,105560,KB금융
2026-02-27,251270,넷마블
2026-02-27,373220,LG에너지솔루션
2026-03-31,000100,유한양행
2026-03-31,000270,기아
2026-03-31,000660,SK하이닉스
2026-03-31,000720,현대건설
2026-03-31,000810,삼성화재
2026-03-31,005380,현대차
2026-03-31,005490,POSCO홀딩스
2026-03-31,005930,삼성전자
2026-03-31,006400,삼성SDI
2026-03-31,006800,미래에셋증권
2026-03-31,009150,삼성전기
2026-03-31,009540,HD한국조선해양
2026-03-31,012330,현대모비스
2026-03-31,012450,한화에어로스페이스
2026-03-31,017670,SK텔레콤
2026-03-31,028260,삼성물산
2026-03-31,032830,삼성생명
2026-03-31,034020,두산에너빌리티
2026-03-31,034220,LG디스플레이
2026-03-31,035420,NAVER
2026-03-31,035720,카카오
2026-03-31,051910,LG화학
2026-03-31,055550,신한지주
2026-03-31,066570,LG전자
2026-03-31,068270,셀트리온
2026-03-31,090430,아모레퍼시픽
2026-03-31,096770,SK이노베이션
2026-03-31,105560,KB금융
2026-03-31,251270,넷마블
2026-03-31,373220,LG에너지솔루션
2026-04-30,000100,유한양행
2026-04-30,000270,기아
2026-04-30,000660,SK하이닉스
2026-04-30,000720,현대건설
2026-04-30,000810,삼성화재
2026-04-30,005380,현대차
2026-04-30,005490,POSCO홀딩스
2026-04-30,005930,삼성전자
2026-04-30,006400,삼성SDI
2026-04-30,006800,미래에셋증권
2026-04-30,009150,삼성전기
2026-04-30,009540,HD한국조선해양
2026-04-30,012330,현대모비스
2026-04-30,012450,한화에어로스페이스
2026-04-30,017670,SK텔레콤
2026-04-30,028260,삼성물산
2026-04-30,032830,삼성생명
2026-04-30,034020,두산에너빌리티
2026-04-30,034220,LG디스플레이
2026-04-30,035420,NAVER
2026-04-30,035720,카카오
2026-04-30,051910,LG화학
2026-04-30,055550,신한지주
2026-04-30,066570,LG전자
2026-04-30,068270,셀트리온
2026-04-30,090430,아모레퍼시픽
2026-04-30,096770,SK이노베이션
2026-04-30,105560,KB금융
2026-04-30,251270,넷마블
2026-04-30,373220,LG에너지솔루션
2026-05-29,000100,유한양행
2026-05-29,000270,기아
2026-05-29,000660,SK하이닉스
2026-05-29,000720,현대건설
2026-05-29,000810,삼성화재
2026-05-29,005380,현대차
2026-05-29,005490,POSCO홀딩스
2026-05-29,005930,삼성전자
2026-05-29,006400,삼성SDI
2026-05-29,006800,미래에셋증권
2026-05-29,009150,삼성전기
2026-05-29,009540,HD한국조선해양
2026-05-29,012330,현대모비스
2026-05-29,012450,한화에어로스페이스
2026-05-29,017670,SK텔레콤
2026-05-29,028260,삼성물산
2026-05-29,032830,삼성생명
2026-05-29,034020,두산에너빌리티
2026-05-29,034220,LG디스플레이
2026-05-29,035420,NAVER
2026-05-29,035720,카카오
2026-05-29,051910,LG화학
2026-05-29,055550,신한지주
2026-05-29,066570,LG전자
2026-05-29,068270,셀트리온
2026-05-29,090430,아모레퍼시픽
2026-05-29,096770,SK이노베이션
2026-05-29,105560,KB금융
2026-05-29,251270,넷마블
2026-05-29,373220,LG에너지솔루션
2026-06-30,000100,유한양행
2026-06-30,000270,기아
2026-06-30,000660,SK하이닉스
2026-06-30,000720,현대건설
2026-06-30,000810,삼성화재
2026-06-30,005380,현대차
2026-06-30,005490,POSCO홀딩스
2026-06-30,005930,삼성전자
2026-06-30,006400,삼성SDI
2026-06-30,006800,미래에셋증권
2026-06-30,009150,삼성전기
2026-06-30,009540,HD한국조선해양
2026-06-30,012330,현대모비스
2026-06-30,012450,한화에어로스페이스
2026-06-30,017670,SK텔레콤
2026-06-30,028260,삼성물산
2026-06-30,032830,삼성생명
2026-06-30,034020,두산에너빌리티
2026-06-30,034220,LG디스플레이
2026-06-30,035420,NAVER
2026-06-30,035720,카카오
2026-06-30,051910,LG화학
2026-06-30,055550,신한지주
2026-06-30,066570,LG전자
2026-06-30,068270,셀트리온
2026-06-30,090430,아모레퍼시픽
2026-06-30,096770,SK이노베이션
2026-06-30,105560,KB금융
2026-06-30,251270,넷마블
2026-06-30,373220,LG에너지솔루션
2026-07-31,000100,유한양행
2026-07-31,000270,기아
2026-07-31,000660,SK하이닉스
2026-07-31,000720,현대건설
2026-07-31,000810,삼성화재
2026-07-31,005380,현대차
2026-07-31,005490,POSCO홀딩스
2026-07-31,005930,삼성전자
2026-07-31,006400,삼성SDI
2026-07-31,006800,미래에셋증권
2026-07-31,009150,삼성전기
2026-07-31,009540,HD한국조선해양
2026-07-31,012330,현대모비스
2026-07-31,012450,한화에어로스페이스
2026-07-31,017670,SK텔레콤
2026-07-31,028260,삼성물산
2026-07-31,032830,삼성생명
2026-07-31,034020,두산에너빌리티
2026-07-31,034220,LG디스플레이
2026-07-31,035420,NAVER
2026-07-31,035720,카카오
2026-07-31,051910,LG화학
2026-07-31,055550,신한지주
2026-07-31,066570,LG전자
2026-07-31,068270,셀트리온
2026-07-31,090430,아모레퍼시픽
2026-07-31,096770,SK이노베이션
2026-07-31,105560,KB금융
2026-07-31,251270,넷마블
2026-07-31,373220,LG에너지솔루션
2026-08-31,000100,유한양행
2026-08-31,000270,기아
2026-08-31,000660,SK하이닉스
2026-08-31,000720,현대건설
2026-08-31,000810,삼성화재
2026-08-31,005380,현대차
2026-08-31,005490,POSCO홀딩스
2026-08-31,005930,삼성전자
2026-08-31,006400,삼성SDI
2026-08-31,006800,미래에셋증권
2026-08-31,009150,삼성전기
2026-08-31,009540,HD한국조선해양
2026-08-31,012330,현대모비스
2026-08-31,012450,한화에어로스페이스
2026-08-31,017670,SK텔레콤
2026-08-31,028260,삼성물산
2026-08-31,032830,삼성생명
2026-08-31,034020,두산에너빌리티
2026-08-31,034220,LG디스플레이
2026-08-31,035420,NAVER
2026-08-31,035720,카카오
2026-08-31,051910,LG화학
2026-08-31,055550,신한지주
2026-08-31,066570,LG전자
2026-08-31,068270,셀트리온
2026-08-31,090430,아모레퍼시픽
2026-08-31,096770,SK이노베이션
2026-08-31,105560,KB금융
2026-08-31,251270,넷마블
2026-08-31,373220,LG에너지솔루션
2026-09-30,000100,유한양행
2026-09-30,000270,기아
2026-09-30,000660,SK하이닉스
2026-09-30,000720,현대건설
2026-09-30,000810,삼성화재
2026-09-30,005380,현대차
2026-09-30,005490,POSCO홀딩스
2026-09-30,005930,삼성전자
2026-09-30,006400,삼성SDI
2026-09-30,006800,미래에셋증권
2026-09-30,009150,삼성전기
2026-09-30,009540,HD한국조선해양
2026-09-30,012330,현대모비스
2026-09-30,012450,한화에어로스페이스
2026-09-30,017670,SK텔레콤
2026-09-30,028260,삼성물산
2026-09-30,032830,삼성생명
2026-09-30,034020,두산에너빌리티
2026-09-30,034220,LG디스플레이
2026-09-30,035420,NAVER
2026-09-30,035720,카카오
2026-09-30,051910,LG화학
2026-09-30,055550,신한지주
2026-09-30,066570,LG전자
2026-09-30,068270,셀트리온
2026-09-30,090430,아모레퍼시픽
2026-09-30,096770,SK이노베이션
2026-09-30,105560,KB금융
2026-09-30,196170,알테오젠
2026-09-30,373220,LG에너지솔루션
2026-10-02,000100,유한양행
2026-10-02,000270,기아
2026-10-02,000660,SK하이닉스
2026-10-02,000720,현대건설
2026-10-02,000810,삼성화재
2026-10-02,005380,현대차
2026-10-02,005490,POSCO홀딩스
2026-10-02,005930,삼성전자
2026-10-02,006400,삼성SDI
2026-10-02,006800,미래에셋증권
2026-10-02,009150,삼성전기
2026-10-02,009540,HD한국조선해양
2026-10-02,012330,현대모비스
2026-10-02,012450,한화에어로스페이스
2026-10-02,017670,SK텔레콤
2026-10-02,028260,삼성물산
2026-10-02,032830,삼성생명
2026-10-02,034020,두산에너빌리티
2026-10-02,034220,LG디스플레이
2026-10-02,035420,NAVER
2026-10-02,035720,카카오
2026-10-02,051910,LG화학
2026-10-02,055550,신한지주
2026-10-02,066570,LG전자
2026-10-02,068270,셀트리온
2026-10-02,090430,아모레퍼시픽
2026-10-02,096770,SK이노베이션
2026-10-02,105560,KB금융
2026-10-02,196170,알테오젠
2026-10-02,373220,LG에너지솔루션
