ticker,name_kr,market,dart_corp_code,name_en,factiva_co_code,asof
000100,유한양행,KOSPI,00145109,Yuhan,,2024-12-30
000270,기아,KOSPI,00106641,Kia,,2024-12-30
000660,SK하이닉스,KOSPI,00164779,SK Hynix,,2024-12-30
000720,현대건설,KOSPI,00164478,,,2024-12-30
000810,삼성화재,KOSPI,00139214,Samsung Fire & Marine Insurance,,2024-12-30
005380,현대차,KOSPI,00164742,Hyundai Motor,,2024-12-30
005490,POSCO홀딩스,KOSPI,00155319,POSCO Holdings,,2024-12-30
005930,삼성전자,KOSPI,00126380,Samsung Electronics,,2024-12-30
006400,삼성SDI,KOSPI,00126362,Samsung SDI,,2024-12-30
006800,미래에셋증권,KOSPI,00111722,,,2024-12-30
009150,삼성전기,KOSPI,00126371,Samsung Electro-Mechanics,,2024-12-30
009540,HD한국조선해양,KOSPI,00164830,HD Korea Shipbuilding & Offshore Engineering,,2024-12-30
011170,롯데케미칼,KOSPI,00165413,,,2024-12-30
012330,현대모비스,KOSPI,00164788,Hyundai Mobis,,2024-12-30
012450,한화에어로스페이스,KOSPI,00126566,Hanwha Aerospace,,2025-09-30
017670,SK텔레콤,KOSPI,00159023,SK Telecom,,2024-12-30
028260,삼성물산,KOSPI,00149655,Samsung C&T,,2024-12-30
032830,삼성생명,KOSPI,00126256,Samsung Life Insurance,,2024-12-30
034020,두산에너빌리티,KOSPI,00159616,Doosan Enerbility,,2024-12-30
034220,LG디스플레이,KOSPI,00105873,,,2024-12-30
035420,NAVER,KOSPI,00266961,Naver,,2024-12-30
035720,카카오,KOSPI,00258801,Kakao,,2024-12-30
051910,LG화학,KOSPI,00356361,LG Chem,,2024-12-30
055550,신한지주,KOSPI,00382199,Shinhan Financial Group,,2024-12-30
066570,LG전자,KOSPI,00401731,LG Electronics,,2024-12-30
068270,셀트리온,KOSPI,00413046,Celltrion,,2024-12-30
090430,아모레퍼시픽,KOSPI,00583424,Amorepacific,,2024-12-30
096770,SK이노베이션,KOSPI,00631518,SK Innovation,,2024-12-30
105560,KB금융,KOSPI,00688996,KB Financial Group,,2024-12-30
196170,알테오젠,KOSPI,00989619,,,2026-09-30
251270,넷마블,KOSPI,00904672,,,2024-12-30
373220,LG에너지솔루션,KOSPI,01515323,LG Energy Solution,,2024-12-30
